Student ID,Well versed with the subject,Explains concepts in an understandable way,Use of presentations,Degree of difficulty of assignments,Solves doubts willingly,Structuring of the course,Provides support for students going above and beyond,Course recommendation based on relevance,Overall Score,NPS Bucket
340,5,2,7,6,9,2,1,8,4.857142857142857,Promoter (8-10)
253,6,5,8,6,2,1,2,9,4.714285714285714,Promoter (8-10)
680,7,7,6,5,4,2,3,1,4.285714285714286,Detractor (1-4)
806,9,6,7,1,5,9,4,6,6.571428571428571,Passive (5-7)
632,8,10,8,4,6,6,9,9,8.0,Promoter (8-10)
832,7,2,7,8,3,5,1,4,4.142857142857143,Detractor (1-4)
772,9,3,5,2,10,3,8,1,5.571428571428571,Detractor (1-4)
961,9,8,7,4,4,3,3,10,6.285714285714286,Promoter (8-10)
814,6,5,8,6,4,4,7,9,6.142857142857143,Promoter (8-10)
863,5,9,4,7,9,4,4,5,5.714285714285714,Passive (5-7)
576,10,3,8,6,6,3,6,9,6.428571428571429,Promoter (8-10)
702,8,4,7,1,2,1,8,8,5.428571428571429,Promoter (8-10)
541,5,4,4,2,2,7,8,1,4.428571428571429,Detractor (1-4)
552,5,6,7,2,7,4,4,2,5.0,Detractor (1-4)
510,6,7,8,3,4,7,7,6,6.428571428571429,Passive (5-7)
159,7,7,6,6,3,9,3,1,5.142857142857143,Detractor (1-4)
223,9,10,4,5,7,10,10,6,8.0,Passive (5-7)
807,8,3,4,2,2,4,6,1,4.0,Detractor (1-4)
525,9,9,4,3,5,5,9,2,6.142857142857143,Detractor (1-4)
799,5,6,5,4,2,1,1,7,3.857142857142857,Passive (5-7)
24,9,10,6,10,2,10,1,9,6.714285714285714,Promoter (8-10)
509,8,2,7,5,2,3,4,4,4.285714285714286,Detractor (1-4)
797,9,10,4,10,9,2,10,7,7.285714285714286,Passive (5-7)
418,8,8,6,7,9,5,2,8,6.571428571428571,Promoter (8-10)
48,5,5,4,2,1,10,10,9,6.285714285714286,Promoter (8-10)
657,9,5,7,3,2,8,10,6,6.714285714285714,Passive (5-7)
864,9,8,5,2,3,9,2,8,6.285714285714286,Promoter (8-10)
861,5,6,4,5,4,4,6,6,5.0,Passive (5-7)
118,9,10,7,7,4,6,9,1,6.571428571428571,Detractor (1-4)
387,7,3,8,1,6,8,6,8,6.571428571428571,Promoter (8-10)
282,5,6,7,3,8,1,1,9,5.285714285714286,Promoter (8-10)
503,8,6,6,3,3,6,4,10,6.142857142857143,Promoter (8-10)
934,5,6,4,6,10,3,4,10,6.0,Promoter (8-10)
781,8,3,4,5,1,8,10,5,5.571428571428571,Passive (5-7)
898,10,10,4,3,5,4,2,1,5.142857142857143,Detractor (1-4)
474,8,3,7,6,4,3,7,7,5.571428571428571,Passive (5-7)
704,9,9,8,6,8,4,8,5,7.285714285714286,Passive (5-7)
977,9,5,4,4,6,3,1,9,5.285714285714286,Promoter (8-10)
454,9,6,6,1,10,8,10,7,8.0,Passive (5-7)
295,5,7,6,3,1,7,2,9,5.285714285714286,Promoter (8-10)
35,10,6,4,5,6,2,3,1,4.571428571428571,Detractor (1-4)
304,9,9,4,6,5,1,7,2,5.285714285714286,Detractor (1-4)
56,6,9,6,8,9,6,2,4,6.0,Detractor (1-4)
922,8,10,7,4,5,9,3,5,6.714285714285714,Passive (5-7)
569,10,7,6,9,2,6,2,5,5.428571428571429,Passive (5-7)
186,6,4,4,4,6,9,10,10,7.0,Promoter (8-10)
258,7,2,7,2,7,2,6,10,5.857142857142857,Promoter (8-10)
560,8,7,8,3,8,7,4,8,7.142857142857143,Promoter (8-10)
621,10,4,5,1,5,10,1,10,6.428571428571429,Promoter (8-10)
568,10,7,4,6,10,8,10,8,8.142857142857142,Promoter (8-10)
393,6,9,8,7,5,8,1,4,5.857142857142857,Detractor (1-4)
12,8,10,7,2,8,9,6,6,7.714285714285714,Passive (5-7)
798,7,2,8,7,10,5,3,5,5.714285714285714,Passive (5-7)
740,8,10,7,3,2,10,10,1,6.857142857142857,Detractor (1-4)
184,10,9,8,6,4,8,8,9,8.0,Promoter (8-10)
410,7,2,5,2,6,6,3,10,5.571428571428571,Promoter (8-10)
480,10,6,7,8,5,3,1,5,5.285714285714286,Passive (5-7)
84,7,4,6,10,7,7,8,9,6.857142857142857,Promoter (8-10)
89,9,9,4,5,1,2,3,9,5.285714285714286,Promoter (8-10)
763,6,9,6,7,6,10,2,5,6.285714285714286,Passive (5-7)
86,7,8,6,8,3,10,2,7,6.142857142857143,Passive (5-7)
867,6,4,6,4,2,7,5,3,4.714285714285714,Detractor (1-4)
248,6,6,4,6,6,6,2,3,4.714285714285714,Detractor (1-4)
751,7,3,8,10,2,7,2,6,5.0,Passive (5-7)
522,6,9,8,10,9,5,3,6,6.571428571428571,Passive (5-7)
696,5,5,4,9,3,1,8,6,4.571428571428571,Passive (5-7)
274,8,2,4,7,10,8,5,8,6.428571428571429,Promoter (8-10)
921,9,7,5,10,10,9,6,4,7.142857142857143,Detractor (1-4)
957,6,2,7,8,5,9,5,4,5.428571428571429,Detractor (1-4)
88,9,4,4,9,9,9,7,10,7.428571428571429,Promoter (8-10)
149,5,6,5,1,8,9,7,8,6.857142857142857,Promoter (8-10)
737,7,9,4,5,5,2,2,1,4.285714285714286,Detractor (1-4)
891,7,2,4,9,6,9,7,9,6.285714285714286,Promoter (8-10)
1,9,6,8,7,6,5,3,10,6.714285714285714,Promoter (8-10)
868,7,9,7,2,6,2,9,4,6.285714285714286,Detractor (1-4)
895,5,5,7,7,2,1,8,9,5.285714285714286,Promoter (8-10)
638,9,10,8,2,1,1,4,8,5.857142857142857,Promoter (8-10)
707,5,6,6,5,1,9,6,9,6.0,Promoter (8-10)
432,9,9,6,8,2,3,2,4,5.0,Detractor (1-4)
988,7,4,6,7,6,9,7,1,5.714285714285714,Detractor (1-4)
742,7,7,8,2,1,1,8,1,4.714285714285714,Detractor (1-4)
730,6,5,4,5,6,6,7,2,5.142857142857143,Detractor (1-4)
321,5,7,6,2,3,5,3,5,4.857142857142857,Passive (5-7)
904,8,5,8,9,7,9,8,6,7.285714285714286,Passive (5-7)
171,6,10,4,6,1,6,2,3,4.571428571428571,Detractor (1-4)
695,10,4,4,1,5,8,7,1,5.571428571428571,Detractor (1-4)
498,8,5,4,5,10,7,1,10,6.428571428571429,Promoter (8-10)
446,7,8,5,10,10,2,5,9,6.571428571428571,Promoter (8-10)
982,9,10,7,5,6,6,1,5,6.285714285714286,Passive (5-7)
981,7,6,7,5,4,6,8,3,5.857142857142857,Detractor (1-4)
849,6,10,6,7,7,4,10,7,7.142857142857143,Passive (5-7)
297,7,10,6,8,10,10,2,8,7.571428571428571,Promoter (8-10)
713,8,6,7,5,2,7,10,8,6.857142857142857,Promoter (8-10)
192,8,4,8,6,3,5,1,5,4.857142857142857,Passive (5-7)
561,9,6,4,8,6,8,3,3,5.571428571428571,Detractor (1-4)
364,6,6,7,9,6,4,7,6,6.0,Passive (5-7)
40,6,7,5,6,10,5,6,3,6.0,Detractor (1-4)
521,5,9,4,2,1,8,3,7,5.285714285714286,Passive (5-7)
201,8,2,8,9,8,8,9,4,6.714285714285714,Detractor (1-4)
780,6,4,4,10,6,5,6,8,5.571428571428571,Promoter (8-10)
853,7,9,4,8,9,4,10,2,6.428571428571429,Detractor (1-4)
202,5,6,6,10,3,4,2,8,4.857142857142857,Promoter (8-10)
421,6,3,8,10,6,8,7,9,6.714285714285714,Promoter (8-10)
671,9,8,6,10,10,7,7,8,7.857142857142857,Promoter (8-10)
334,5,9,4,3,8,10,4,2,6.0,Detractor (1-4)
843,6,8,5,4,5,5,10,6,6.428571428571429,Passive (5-7)
57,10,7,6,10,4,4,2,4,5.285714285714286,Detractor (1-4)
353,6,7,5,3,6,6,7,5,6.0,Passive (5-7)
681,7,2,7,5,2,1,3,7,4.142857142857143,Passive (5-7)
394,6,3,6,10,7,4,3,3,4.571428571428571,Detractor (1-4)
188,7,6,8,9,9,8,9,10,8.142857142857142,Promoter (8-10)
641,5,10,6,7,4,2,5,4,5.142857142857143,Detractor (1-4)
544,10,7,8,4,6,5,7,8,7.285714285714286,Promoter (8-10)
163,9,3,4,7,3,8,6,8,5.857142857142857,Promoter (8-10)
283,9,2,6,1,2,10,5,5,5.571428571428571,Passive (5-7)
820,6,5,4,9,2,5,10,7,5.571428571428571,Passive (5-7)
254,6,6,6,8,9,4,4,8,6.142857142857143,Promoter (8-10)
221,9,6,8,1,8,2,5,6,6.285714285714286,Passive (5-7)
736,8,2,8,8,2,6,5,4,5.0,Detractor (1-4)
280,9,10,4,7,7,3,5,4,6.0,Detractor (1-4)
976,5,2,5,5,7,9,4,3,5.0,Detractor (1-4)
481,9,10,8,9,1,3,1,9,5.857142857142857,Promoter (8-10)
80,7,6,4,1,5,6,1,8,5.285714285714286,Promoter (8-10)
473,10,10,7,5,2,6,10,5,7.142857142857143,Passive (5-7)
762,10,7,5,7,8,9,3,4,6.571428571428571,Detractor (1-4)
385,5,2,6,7,3,2,10,1,4.142857142857143,Detractor (1-4)
195,9,7,5,5,10,10,5,1,6.714285714285714,Detractor (1-4)
144,8,6,5,6,3,8,2,6,5.428571428571429,Passive (5-7)
767,10,10,8,3,9,6,4,8,7.857142857142857,Promoter (8-10)
300,6,8,4,5,5,9,5,4,5.857142857142857,Detractor (1-4)
580,5,2,5,8,6,5,4,9,5.142857142857143,Promoter (8-10)
216,5,9,8,2,4,8,9,10,7.571428571428571,Promoter (8-10)
583,9,3,4,6,5,3,8,7,5.571428571428571,Passive (5-7)
881,7,9,5,9,4,5,4,8,6.0,Promoter (8-10)
488,8,8,6,9,7,4,6,1,5.714285714285714,Detractor (1-4)
892,5,8,8,9,6,9,10,6,7.428571428571429,Passive (5-7)
152,7,2,5,1,5,10,5,6,5.714285714285714,Passive (5-7)
925,7,10,6,7,9,10,1,3,6.571428571428571,Detractor (1-4)
729,9,9,8,7,5,4,5,5,6.428571428571429,Passive (5-7)
647,5,5,8,8,9,6,9,8,7.142857142857143,Promoter (8-10)
686,8,6,5,5,2,6,5,8,5.714285714285714,Promoter (8-10)
93,9,10,6,4,9,6,7,8,7.857142857142857,Promoter (8-10)
485,8,4,7,1,4,7,1,4,5.0,Detractor (1-4)
59,5,8,5,6,10,3,4,10,6.428571428571429,Promoter (8-10)
907,10,4,7,6,1,2,5,1,4.285714285714286,Detractor (1-4)
158,10,6,5,6,2,10,3,8,6.285714285714286,Promoter (8-10)
955,10,4,4,1,10,1,10,10,7.0,Promoter (8-10)
758,8,3,7,7,9,6,7,5,6.428571428571429,Passive (5-7)
605,6,4,4,4,7,5,5,2,4.714285714285714,Detractor (1-4)
475,10,6,4,9,3,1,6,7,5.285714285714286,Passive (5-7)
154,9,7,4,8,2,6,3,9,5.714285714285714,Promoter (8-10)
79,6,4,6,6,6,4,9,10,6.428571428571429,Promoter (8-10)
36,10,6,5,2,1,9,9,6,6.571428571428571,Passive (5-7)
562,6,3,6,7,8,7,4,1,5.0,Detractor (1-4)
231,10,7,8,1,3,3,3,3,5.285714285714286,Detractor (1-4)
869,8,7,6,2,9,4,1,7,6.0,Passive (5-7)
608,7,4,6,5,4,7,8,7,6.142857142857143,Passive (5-7)
846,10,7,7,4,7,10,7,1,7.0,Detractor (1-4)
542,10,4,7,7,2,2,5,9,5.571428571428571,Promoter (8-10)
941,9,3,7,2,9,7,3,1,5.571428571428571,Detractor (1-4)
919,10,2,8,5,6,3,8,5,6.0,Passive (5-7)
352,6,2,6,3,5,3,8,6,5.142857142857143,Passive (5-7)
839,9,2,5,10,4,4,9,1,4.857142857142857,Detractor (1-4)
266,8,8,5,6,6,8,2,2,5.571428571428571,Detractor (1-4)
298,8,4,8,9,7,1,7,3,5.428571428571429,Detractor (1-4)
929,10,2,6,1,1,9,9,7,6.285714285714286,Passive (5-7)
574,6,4,8,5,9,5,7,10,7.0,Promoter (8-10)
250,5,7,7,3,1,6,3,1,4.285714285714286,Detractor (1-4)
616,9,8,6,9,6,3,5,8,6.428571428571429,Promoter (8-10)
164,8,5,7,10,8,9,10,1,6.857142857142857,Detractor (1-4)
827,6,3,4,9,7,8,7,6,5.857142857142857,Passive (5-7)
228,7,6,6,1,6,6,6,9,6.571428571428571,Promoter (8-10)
787,10,10,5,10,1,9,3,8,6.571428571428571,Promoter (8-10)
317,8,8,4,1,10,10,9,1,7.142857142857143,Detractor (1-4)
110,9,6,4,1,4,7,9,5,6.285714285714286,Passive (5-7)
165,6,2,6,2,2,10,2,2,4.285714285714286,Detractor (1-4)
701,5,9,7,1,9,9,1,9,7.0,Promoter (8-10)
362,7,9,6,7,4,8,1,2,5.285714285714286,Detractor (1-4)
890,8,7,5,3,9,1,4,5,5.571428571428571,Passive (5-7)
728,10,9,4,8,5,2,3,10,6.142857142857143,Promoter (8-10)
466,9,8,5,5,6,2,10,4,6.285714285714286,Detractor (1-4)
709,9,3,6,4,4,8,10,1,5.857142857142857,Detractor (1-4)
482,10,3,4,3,10,1,8,5,5.857142857142857,Passive (5-7)
406,9,10,6,1,6,1,9,2,6.142857142857143,Detractor (1-4)
66,8,5,8,7,6,1,9,9,6.571428571428571,Promoter (8-10)
862,6,5,6,5,7,2,10,8,6.285714285714286,Promoter (8-10)
61,9,8,6,5,3,10,6,6,6.857142857142857,Passive (5-7)
111,7,9,7,1,10,10,3,10,8.0,Promoter (8-10)
147,6,8,4,6,9,6,8,7,6.857142857142857,Passive (5-7)
211,7,4,4,3,7,8,7,10,6.714285714285714,Promoter (8-10)
996,6,5,6,10,8,7,8,4,6.285714285714286,Detractor (1-4)
459,8,5,8,6,6,1,8,4,5.714285714285714,Detractor (1-4)
81,5,5,6,5,7,3,9,5,5.714285714285714,Passive (5-7)
288,5,9,6,9,4,4,2,6,5.142857142857143,Passive (5-7)
6,7,10,8,3,3,4,1,2,5.0,Detractor (1-4)
547,6,6,8,5,1,2,2,8,4.714285714285714,Promoter (8-10)
30,6,2,7,5,1,10,9,10,6.428571428571429,Promoter (8-10)
445,9,4,4,2,4,8,1,6,5.142857142857143,Passive (5-7)
591,6,9,8,5,10,6,2,10,7.285714285714286,Promoter (8-10)
770,10,10,5,7,10,7,7,10,8.428571428571429,Promoter (8-10)
484,9,6,8,10,3,2,8,4,5.714285714285714,Detractor (1-4)
180,8,4,4,1,6,9,6,1,5.428571428571429,Detractor (1-4)
946,5,5,5,6,1,3,10,5,4.857142857142857,Passive (5-7)
901,9,8,6,1,2,9,8,2,6.285714285714286,Detractor (1-4)
517,10,5,7,7,5,10,6,5,6.857142857142857,Passive (5-7)
545,9,4,8,1,8,6,2,4,5.857142857142857,Detractor (1-4)
918,8,3,8,9,9,1,6,1,5.142857142857143,Detractor (1-4)
652,8,3,4,8,3,2,2,3,3.5714285714285716,Detractor (1-4)
471,10,10,4,8,2,2,4,7,5.571428571428571,Passive (5-7)
323,6,8,7,5,4,1,9,3,5.428571428571429,Detractor (1-4)
276,8,5,7,9,1,10,1,2,4.857142857142857,Detractor (1-4)
672,7,8,5,6,5,10,5,10,7.142857142857143,Promoter (8-10)
337,10,7,6,8,9,5,1,1,5.571428571428571,Detractor (1-4)
468,7,7,8,4,2,1,5,10,5.714285714285714,Promoter (8-10)
380,8,8,4,8,2,4,9,2,5.285714285714286,Detractor (1-4)
755,9,8,7,2,9,6,3,7,7.0,Passive (5-7)
267,8,9,4,4,8,4,8,1,6.0,Detractor (1-4)
598,9,3,4,9,3,4,5,1,4.142857142857143,Detractor (1-4)
128,6,2,6,1,9,3,9,2,5.285714285714286,Detractor (1-4)
444,8,2,6,10,7,2,4,8,5.285714285714286,Promoter (8-10)
572,6,5,4,4,8,6,8,9,6.571428571428571,Promoter (8-10)
319,8,3,6,6,7,10,8,4,6.571428571428571,Detractor (1-4)
390,8,6,7,5,1,4,3,9,5.428571428571429,Promoter (8-10)
176,10,2,6,7,4,10,1,3,5.142857142857143,Detractor (1-4)
883,7,4,4,2,8,6,7,4,5.714285714285714,Detractor (1-4)
831,5,2,8,3,5,10,7,7,6.285714285714286,Passive (5-7)
220,10,5,8,7,9,7,2,7,6.857142857142857,Passive (5-7)
17,7,6,5,3,9,5,5,2,5.571428571428571,Detractor (1-4)
938,10,10,6,5,2,9,9,9,7.857142857142857,Promoter (8-10)
651,8,7,6,3,9,10,6,1,6.714285714285714,Detractor (1-4)
953,5,10,8,10,6,4,6,4,6.142857142857143,Detractor (1-4)
902,5,8,6,10,4,5,5,9,6.0,Promoter (8-10)
167,7,7,5,8,6,9,9,8,7.285714285714286,Promoter (8-10)
669,9,3,4,5,2,2,1,6,3.857142857142857,Passive (5-7)
859,8,3,5,9,10,3,1,6,5.142857142857143,Passive (5-7)
120,8,4,7,5,4,4,10,6,6.142857142857143,Passive (5-7)
293,10,4,7,1,6,7,7,4,6.428571428571429,Detractor (1-4)
789,10,2,8,7,9,8,1,4,6.0,Detractor (1-4)
182,5,2,7,2,3,6,1,9,4.714285714285714,Promoter (8-10)
369,10,5,4,4,3,7,4,10,6.142857142857143,Promoter (8-10)
207,6,8,6,7,9,7,2,5,6.142857142857143,Passive (5-7)
842,10,7,5,3,3,6,4,6,5.857142857142857,Passive (5-7)
38,5,8,7,6,10,8,9,5,7.428571428571429,Passive (5-7)
495,5,4,7,9,6,10,5,9,6.571428571428571,Promoter (8-10)
942,10,6,8,3,7,8,4,5,6.857142857142857,Passive (5-7)
752,10,7,4,4,4,9,10,7,7.285714285714286,Passive (5-7)
940,7,3,6,9,10,8,3,5,6.0,Passive (5-7)
648,5,7,7,9,6,3,10,3,5.857142857142857,Detractor (1-4)
125,6,2,4,5,9,7,7,7,6.0,Passive (5-7)
516,10,2,8,9,2,3,3,1,4.142857142857143,Detractor (1-4)
963,9,6,4,5,3,3,6,6,5.285714285714286,Passive (5-7)
215,5,6,6,2,1,9,5,8,5.714285714285714,Promoter (8-10)
823,7,5,8,3,4,3,1,10,5.428571428571429,Promoter (8-10)
840,5,7,5,6,9,9,10,6,7.285714285714286,Passive (5-7)
429,8,3,5,1,8,1,8,9,6.0,Promoter (8-10)
109,6,3,5,6,1,6,6,10,5.285714285714286,Promoter (8-10)
795,6,9,8,4,2,6,10,6,6.714285714285714,Passive (5-7)
760,9,4,4,3,8,5,10,1,5.857142857142857,Detractor (1-4)
536,10,10,4,7,8,7,6,2,6.714285714285714,Detractor (1-4)
888,6,6,5,2,3,6,6,3,5.0,Detractor (1-4)
719,10,10,8,7,6,10,6,4,7.714285714285714,Detractor (1-4)
654,6,4,4,9,5,8,8,2,5.285714285714286,Detractor (1-4)
947,7,3,8,1,5,9,7,2,5.857142857142857,Detractor (1-4)
403,5,7,6,6,5,6,4,6,5.571428571428571,Passive (5-7)
124,9,9,7,9,1,9,4,3,6.0,Detractor (1-4)
548,9,8,6,7,1,2,7,6,5.571428571428571,Passive (5-7)
880,7,3,6,3,5,3,3,10,5.285714285714286,Promoter (8-10)
939,10,10,7,4,1,2,3,9,6.0,Promoter (8-10)
166,6,10,4,4,4,8,4,6,6.0,Passive (5-7)
885,5,6,7,7,2,2,5,7,4.857142857142857,Passive (5-7)
112,7,9,6,9,1,7,1,2,4.714285714285714,Detractor (1-4)
811,8,8,8,6,1,4,9,1,5.571428571428571,Detractor (1-4)
213,10,8,4,10,1,5,6,2,5.142857142857143,Detractor (1-4)
375,10,4,4,1,3,4,7,9,5.857142857142857,Promoter (8-10)
897,6,7,4,1,9,8,8,7,7.0,Passive (5-7)
460,7,8,5,6,7,7,6,7,6.714285714285714,Passive (5-7)
416,6,2,5,8,9,6,3,7,5.428571428571429,Passive (5-7)
571,8,9,7,3,1,8,9,7,7.0,Passive (5-7)
744,8,5,7,3,10,4,6,7,6.714285714285714,Passive (5-7)
378,9,8,7,2,4,7,2,6,6.142857142857143,Passive (5-7)
121,5,9,5,2,4,5,6,6,5.714285714285714,Passive (5-7)
462,10,4,8,5,4,6,4,7,6.142857142857143,Passive (5-7)
777,8,6,4,6,4,7,10,1,5.714285714285714,Detractor (1-4)
845,5,10,6,8,4,4,4,5,5.428571428571429,Passive (5-7)
533,6,10,5,7,2,5,10,10,6.857142857142857,Promoter (8-10)
450,5,2,6,2,4,5,1,4,3.857142857142857,Detractor (1-4)
717,6,2,4,6,6,2,6,9,5.0,Promoter (8-10)
469,10,8,6,1,3,5,8,10,7.142857142857143,Promoter (8-10)
670,7,7,8,1,6,1,2,1,4.571428571428571,Detractor (1-4)
137,8,2,5,2,4,9,7,8,6.142857142857143,Promoter (8-10)
801,10,7,4,3,6,1,10,4,6.0,Detractor (1-4)
315,5,10,5,10,8,4,8,4,6.285714285714286,Detractor (1-4)
153,7,7,5,3,8,9,8,9,7.571428571428571,Promoter (8-10)
190,8,6,7,5,6,4,3,8,6.0,Promoter (8-10)
22,7,9,4,1,2,8,10,4,6.285714285714286,Detractor (1-4)
949,9,8,7,1,7,6,9,4,7.142857142857143,Detractor (1-4)
523,10,2,6,9,7,5,10,9,7.0,Promoter (8-10)
527,5,6,5,2,8,6,9,8,6.714285714285714,Promoter (8-10)
461,7,10,7,6,6,8,4,9,7.285714285714286,Promoter (8-10)
244,5,8,4,9,3,10,1,3,4.857142857142857,Detractor (1-4)
363,9,3,8,10,2,7,5,1,5.0,Detractor (1-4)
610,8,10,6,8,2,1,5,1,4.714285714285714,Detractor (1-4)
381,9,2,8,8,1,9,1,2,4.571428571428571,Detractor (1-4)
954,8,8,6,3,9,5,7,2,6.428571428571429,Detractor (1-4)
604,10,9,8,9,4,8,7,9,7.857142857142857,Promoter (8-10)
414,10,6,4,8,2,9,9,3,6.142857142857143,Detractor (1-4)
151,8,7,5,10,8,3,8,6,6.428571428571429,Passive (5-7)
721,6,9,4,1,4,10,10,9,7.428571428571429,Promoter (8-10)
664,10,8,7,4,8,2,1,10,6.571428571428571,Promoter (8-10)
956,7,2,6,5,2,3,8,7,5.0,Passive (5-7)
747,5,3,5,6,5,10,3,6,5.285714285714286,Passive (5-7)
438,9,6,5,9,2,3,9,3,5.285714285714286,Detractor (1-4)
975,5,10,4,8,7,6,8,3,6.142857142857143,Detractor (1-4)
277,5,6,8,7,2,7,1,10,5.571428571428571,Promoter (8-10)
312,7,2,7,6,6,3,7,2,4.857142857142857,Detractor (1-4)
565,10,9,7,10,4,8,5,4,6.714285714285714,Detractor (1-4)
739,8,7,5,10,1,1,8,1,4.428571428571429,Detractor (1-4)
584,8,8,5,8,6,6,9,4,6.571428571428571,Detractor (1-4)
894,6,3,5,4,7,1,5,5,4.571428571428571,Passive (5-7)
270,9,10,5,9,6,4,7,7,6.857142857142857,Passive (5-7)
966,7,4,5,3,1,8,10,2,5.285714285714286,Detractor (1-4)
489,7,2,5,8,1,1,8,8,4.571428571428571,Promoter (8-10)
665,6,3,4,2,8,5,8,5,5.571428571428571,Passive (5-7)
71,9,10,8,4,9,3,8,2,7.0,Detractor (1-4)
603,7,2,7,1,7,7,1,7,5.428571428571429,Passive (5-7)
196,8,10,8,10,6,7,7,7,7.571428571428571,Passive (5-7)
804,9,3,7,6,10,7,9,7,7.428571428571429,Passive (5-7)
837,5,10,4,1,4,8,9,1,5.857142857142857,Detractor (1-4)
530,6,5,4,9,1,2,3,6,3.857142857142857,Passive (5-7)
720,6,6,6,9,10,4,6,7,6.428571428571429,Passive (5-7)
272,5,4,6,4,4,7,7,9,6.0,Promoter (8-10)
984,5,10,6,4,2,10,4,6,6.142857142857143,Passive (5-7)
185,10,3,8,4,1,10,7,9,6.857142857142857,Promoter (8-10)
487,6,6,4,2,10,10,1,9,6.571428571428571,Promoter (8-10)
75,8,9,8,6,2,7,9,10,7.571428571428571,Promoter (8-10)
718,6,3,6,7,6,6,2,6,5.0,Passive (5-7)
496,10,7,4,6,10,5,3,6,6.428571428571429,Passive (5-7)
630,5,5,4,8,3,6,6,8,5.285714285714286,Promoter (8-10)
637,8,10,5,6,10,8,2,2,6.428571428571429,Detractor (1-4)
360,9,9,8,2,3,1,8,6,6.285714285714286,Passive (5-7)
183,6,7,5,5,4,7,1,9,5.571428571428571,Promoter (8-10)
689,10,8,7,8,1,9,5,10,7.142857142857143,Promoter (8-10)
236,6,9,6,4,1,2,8,4,5.142857142857143,Detractor (1-4)
768,6,6,6,3,5,9,8,3,6.142857142857143,Detractor (1-4)
316,7,2,7,8,6,4,2,9,5.285714285714286,Promoter (8-10)
396,6,10,4,6,1,2,4,10,5.285714285714286,Promoter (8-10)
212,6,4,4,6,5,10,10,2,5.857142857142857,Detractor (1-4)
830,9,7,7,10,7,8,6,4,6.857142857142857,Detractor (1-4)
209,9,8,5,3,3,10,7,2,6.285714285714286,Detractor (1-4)
62,7,4,4,5,3,10,2,1,4.428571428571429,Detractor (1-4)
447,8,7,7,1,4,7,10,9,7.428571428571429,Promoter (8-10)
100,6,6,6,10,7,5,7,8,6.428571428571429,Promoter (8-10)
305,10,8,8,4,6,3,10,4,7.0,Detractor (1-4)
494,10,6,6,6,4,10,2,9,6.714285714285714,Promoter (8-10)
328,10,6,5,4,6,10,8,2,6.714285714285714,Detractor (1-4)
854,8,2,8,4,6,2,4,7,5.285714285714286,Passive (5-7)
866,5,10,4,8,3,7,4,5,5.428571428571429,Passive (5-7)
943,8,9,7,10,6,7,7,6,7.142857142857143,Passive (5-7)
734,9,8,5,3,10,1,8,3,6.285714285714286,Detractor (1-4)
189,9,3,6,2,3,8,10,7,6.571428571428571,Passive (5-7)
404,10,5,7,8,1,5,10,4,6.0,Detractor (1-4)
518,7,4,8,5,7,9,2,6,6.142857142857143,Passive (5-7)
856,6,9,4,6,8,8,3,8,6.571428571428571,Promoter (8-10)
70,9,2,5,8,10,9,7,6,6.857142857142857,Passive (5-7)
457,7,4,8,2,3,6,8,4,5.714285714285714,Detractor (1-4)
148,5,4,4,4,8,10,5,5,5.857142857142857,Passive (5-7)
958,10,10,5,8,5,10,7,8,7.857142857142857,Promoter (8-10)
356,7,3,7,6,4,2,1,10,4.857142857142857,Promoter (8-10)
793,10,9,6,4,7,6,8,3,7.0,Detractor (1-4)
771,8,7,6,4,8,7,3,2,5.857142857142857,Detractor (1-4)
452,5,6,7,9,7,8,6,1,5.714285714285714,Detractor (1-4)
72,8,7,7,3,4,1,4,7,5.428571428571429,Passive (5-7)
710,7,2,6,5,7,7,6,10,6.428571428571429,Promoter (8-10)
980,6,3,7,1,5,4,9,4,5.428571428571429,Detractor (1-4)
145,6,8,4,6,1,3,2,7,4.428571428571429,Passive (5-7)
960,6,9,6,1,3,3,5,8,5.714285714285714,Promoter (8-10)
660,5,7,7,3,10,3,3,4,5.571428571428571,Detractor (1-4)
987,9,10,7,8,7,3,8,7,7.285714285714286,Passive (5-7)
534,9,5,7,5,2,6,10,8,6.714285714285714,Promoter (8-10)
858,9,5,5,3,2,2,7,7,5.285714285714286,Passive (5-7)
324,10,5,5,2,2,5,7,6,5.714285714285714,Passive (5-7)
884,7,4,7,10,5,1,7,4,5.0,Detractor (1-4)
611,8,9,5,3,9,5,8,3,6.714285714285714,Detractor (1-4)
136,8,6,7,10,9,9,2,3,6.285714285714286,Detractor (1-4)
705,9,3,6,3,3,5,1,2,4.142857142857143,Detractor (1-4)
991,7,4,5,8,9,8,5,1,5.571428571428571,Detractor (1-4)
676,9,8,5,7,4,10,2,6,6.285714285714286,Passive (5-7)
769,9,8,8,8,1,1,8,5,5.714285714285714,Passive (5-7)
246,7,10,8,8,4,10,3,8,7.142857142857143,Promoter (8-10)
644,9,6,8,2,7,6,4,6,6.571428571428571,Passive (5-7)
263,7,9,4,7,9,8,10,7,7.714285714285714,Passive (5-7)
476,9,4,6,4,8,6,4,10,6.714285714285714,Promoter (8-10)
697,7,7,6,1,8,10,5,2,6.428571428571429,Detractor (1-4)
95,7,2,5,5,9,6,8,3,5.714285714285714,Detractor (1-4)
688,8,6,7,5,6,1,4,10,6.0,Promoter (8-10)
633,8,2,4,7,4,6,7,4,5.0,Detractor (1-4)
241,8,3,8,8,10,1,8,6,6.285714285714286,Passive (5-7)
524,9,8,4,6,10,1,9,10,7.285714285714286,Promoter (8-10)
504,9,4,5,6,6,1,7,10,6.0,Promoter (8-10)
417,9,6,7,9,5,1,7,2,5.285714285714286,Detractor (1-4)
554,6,6,8,2,4,6,4,10,6.285714285714286,Promoter (8-10)
656,6,2,7,2,5,6,9,9,6.285714285714286,Promoter (8-10)
19,10,4,6,3,9,10,9,3,7.285714285714286,Detractor (1-4)
275,8,5,4,9,5,5,8,10,6.428571428571429,Promoter (8-10)
478,5,10,7,6,8,7,3,9,7.0,Promoter (8-10)
132,6,9,5,8,10,3,2,10,6.428571428571429,Promoter (8-10)
515,8,3,5,10,3,4,9,4,5.142857142857143,Detractor (1-4)
44,8,9,5,3,6,9,4,9,7.142857142857143,Promoter (8-10)
388,6,10,4,5,6,4,4,9,6.142857142857143,Promoter (8-10)
204,8,7,6,3,3,10,3,6,6.142857142857143,Passive (5-7)
338,5,2,4,6,9,10,9,4,6.142857142857143,Detractor (1-4)
619,8,7,6,4,3,9,3,8,6.285714285714286,Promoter (8-10)
205,8,4,4,2,1,7,9,7,5.714285714285714,Passive (5-7)
39,7,3,7,10,6,4,8,2,5.285714285714286,Detractor (1-4)
53,5,8,5,1,10,8,5,7,6.857142857142857,Passive (5-7)
58,9,3,7,1,2,3,10,7,5.857142857142857,Passive (5-7)
157,9,6,8,2,8,4,4,3,6.0,Detractor (1-4)
28,8,6,6,9,9,9,4,7,7.0,Passive (5-7)
833,8,6,7,7,7,9,10,9,8.0,Promoter (8-10)
252,8,9,4,6,10,2,7,5,6.428571428571429,Passive (5-7)
658,8,5,6,7,10,4,6,4,6.142857142857143,Detractor (1-4)
179,6,3,7,6,2,6,5,2,4.428571428571429,Detractor (1-4)
851,9,6,4,10,2,1,3,10,5.0,Promoter (8-10)
809,7,8,7,5,10,2,8,8,7.142857142857143,Promoter (8-10)
330,7,7,5,7,9,10,2,2,6.0,Detractor (1-4)
94,10,10,4,7,8,2,4,4,6.0,Detractor (1-4)
826,10,5,7,2,8,7,10,5,7.428571428571429,Passive (5-7)
227,9,3,6,4,7,4,4,7,5.714285714285714,Passive (5-7)
1000,9,8,5,4,10,7,7,10,8.0,Promoter (8-10)
114,10,9,7,1,8,4,4,2,6.285714285714286,Detractor (1-4)
251,5,9,6,9,6,4,5,2,5.285714285714286,Detractor (1-4)
613,5,6,6,3,9,4,2,9,5.857142857142857,Promoter (8-10)
101,10,5,6,6,9,8,10,3,7.285714285714286,Detractor (1-4)
871,7,8,7,10,10,7,2,2,6.142857142857143,Detractor (1-4)
551,6,3,5,7,3,1,9,10,5.285714285714286,Promoter (8-10)
931,6,5,7,3,6,5,6,10,6.428571428571429,Promoter (8-10)
49,8,7,8,8,1,1,8,3,5.142857142857143,Detractor (1-4)
512,5,10,7,9,9,9,6,9,7.857142857142857,Promoter (8-10)
261,9,9,7,7,4,10,5,9,7.571428571428571,Promoter (8-10)
754,6,9,4,4,3,10,2,10,6.285714285714286,Promoter (8-10)
345,8,2,8,9,10,10,9,5,7.428571428571429,Passive (5-7)
970,10,9,5,7,6,7,4,7,6.857142857142857,Passive (5-7)
990,6,9,6,4,9,5,10,8,7.571428571428571,Promoter (8-10)
911,6,4,4,10,9,4,7,2,5.142857142857143,Detractor (1-4)
909,9,8,5,9,5,6,9,7,7.0,Passive (5-7)
817,6,5,7,10,10,4,6,6,6.285714285714286,Passive (5-7)
733,10,10,5,1,4,1,3,4,5.285714285714286,Detractor (1-4)
626,7,9,5,4,9,4,3,1,5.428571428571429,Detractor (1-4)
292,7,9,8,1,5,4,7,4,6.285714285714286,Detractor (1-4)
82,5,10,8,4,4,10,5,5,6.714285714285714,Passive (5-7)
355,10,8,5,6,5,10,1,8,6.714285714285714,Promoter (8-10)
948,9,5,4,7,9,3,5,7,6.0,Passive (5-7)
341,9,4,4,4,7,5,5,8,6.0,Promoter (8-10)
952,7,9,5,7,8,8,10,5,7.428571428571429,Passive (5-7)
711,7,3,4,6,3,7,6,4,4.857142857142857,Detractor (1-4)
635,7,3,8,6,7,4,10,5,6.285714285714286,Passive (5-7)
850,5,8,7,4,8,7,8,6,7.0,Passive (5-7)
716,6,3,7,9,2,3,3,6,4.285714285714286,Passive (5-7)
627,10,2,4,1,6,5,9,5,5.857142857142857,Passive (5-7)
661,6,10,4,3,8,2,7,6,6.142857142857143,Passive (5-7)
877,8,9,4,5,10,10,10,2,7.571428571428571,Detractor (1-4)
177,8,2,6,2,8,1,9,9,6.142857142857143,Promoter (8-10)
322,8,10,7,3,3,3,1,5,5.285714285714286,Passive (5-7)
914,9,2,4,2,4,2,2,9,4.571428571428571,Promoter (8-10)
486,10,9,5,1,4,10,6,9,7.571428571428571,Promoter (8-10)
723,6,10,5,3,10,3,6,4,6.285714285714286,Detractor (1-4)
105,9,10,5,1,3,1,1,2,4.428571428571429,Detractor (1-4)
52,6,10,4,1,7,3,10,2,6.0,Detractor (1-4)
436,9,9,4,10,1,10,10,2,6.428571428571429,Detractor (1-4)
829,6,9,5,3,2,2,10,9,6.142857142857143,Promoter (8-10)
753,5,10,8,7,5,10,9,7,7.714285714285714,Passive (5-7)
130,7,9,5,9,3,2,5,4,5.0,Detractor (1-4)
91,6,5,4,2,5,8,3,3,4.857142857142857,Detractor (1-4)
590,10,3,4,4,9,9,6,2,6.142857142857143,Detractor (1-4)
965,10,3,4,5,10,3,7,3,5.714285714285714,Detractor (1-4)
99,8,9,6,2,2,3,10,6,6.285714285714286,Passive (5-7)
912,7,10,7,10,2,7,5,7,6.428571428571429,Passive (5-7)
395,9,6,8,2,7,9,8,10,8.142857142857142,Promoter (8-10)
923,6,3,5,6,9,4,10,3,5.714285714285714,Detractor (1-4)
499,7,9,8,3,5,1,5,2,5.285714285714286,Detractor (1-4)
115,5,5,7,1,3,8,1,10,5.571428571428571,Promoter (8-10)
815,5,9,6,6,2,9,5,3,5.571428571428571,Detractor (1-4)
570,10,10,6,8,9,2,8,10,7.857142857142857,Promoter (8-10)
825,9,7,8,1,3,2,9,3,5.857142857142857,Detractor (1-4)
620,9,5,8,2,8,10,8,8,8.0,Promoter (8-10)
175,10,9,8,2,1,6,7,2,6.142857142857143,Detractor (1-4)
358,5,7,4,3,3,10,3,4,5.142857142857143,Detractor (1-4)
191,7,4,5,2,5,10,4,7,6.0,Passive (5-7)
492,6,5,8,10,3,8,3,2,5.0,Detractor (1-4)
529,9,6,6,1,4,10,1,7,6.142857142857143,Passive (5-7)
389,5,5,8,6,2,3,5,7,5.0,Passive (5-7)
878,6,5,8,4,10,3,9,10,7.285714285714286,Promoter (8-10)
368,7,9,8,3,2,7,4,1,5.428571428571429,Detractor (1-4)
122,7,5,5,3,9,6,9,2,6.142857142857143,Detractor (1-4)
332,9,2,7,2,8,7,4,10,6.714285714285714,Promoter (8-10)
303,7,4,5,4,7,2,1,6,4.571428571428571,Passive (5-7)
336,8,10,4,5,6,7,2,3,5.714285714285714,Detractor (1-4)
588,6,6,4,10,10,10,3,9,6.857142857142857,Promoter (8-10)
609,10,9,4,4,1,5,9,10,6.857142857142857,Promoter (8-10)
920,10,6,7,10,10,2,4,2,5.857142857142857,Detractor (1-4)
370,9,4,7,10,1,10,2,7,5.714285714285714,Passive (5-7)
405,10,2,5,5,5,1,4,6,4.714285714285714,Passive (5-7)
779,10,8,6,3,8,8,7,8,7.857142857142857,Promoter (8-10)
962,10,6,4,5,1,7,1,10,5.571428571428571,Promoter (8-10)
268,10,6,5,9,9,1,8,6,6.428571428571429,Passive (5-7)
625,10,7,6,7,9,6,3,3,6.285714285714286,Detractor (1-4)
217,8,9,8,3,8,5,5,5,6.857142857142857,Passive (5-7)
479,10,10,4,6,5,9,2,3,6.142857142857143,Detractor (1-4)
500,9,5,8,4,2,2,5,1,4.571428571428571,Detractor (1-4)
409,8,9,7,3,10,4,6,1,6.428571428571429,Detractor (1-4)
546,7,7,5,1,9,8,1,1,5.428571428571429,Detractor (1-4)
967,5,5,8,8,1,9,8,5,5.857142857142857,Passive (5-7)
343,8,4,7,1,10,8,2,6,6.428571428571429,Passive (5-7)
639,7,4,7,7,6,10,5,7,6.571428571428571,Passive (5-7)
402,6,8,6,9,4,8,5,7,6.285714285714286,Passive (5-7)
617,5,7,5,4,7,1,10,6,5.857142857142857,Passive (5-7)
349,6,8,8,2,9,9,2,8,7.142857142857143,Promoter (8-10)
994,8,5,5,2,5,5,9,5,6.0,Passive (5-7)
279,5,10,7,1,4,4,9,4,6.142857142857143,Detractor (1-4)
926,10,7,5,1,1,6,6,1,5.142857142857143,Detractor (1-4)
816,10,8,5,9,2,7,9,3,6.285714285714286,Detractor (1-4)
765,8,7,8,5,7,7,7,7,7.285714285714286,Passive (5-7)
160,10,6,5,4,2,10,4,7,6.285714285714286,Passive (5-7)
606,8,3,8,1,6,4,8,9,6.571428571428571,Promoter (8-10)
602,5,3,6,2,8,10,3,1,5.142857142857143,Detractor (1-4)
893,10,6,8,1,1,10,1,3,5.571428571428571,Detractor (1-4)
810,9,6,7,3,5,9,10,5,7.285714285714286,Passive (5-7)
802,8,2,6,6,3,8,7,7,5.857142857142857,Passive (5-7)
162,6,2,5,2,10,2,8,8,5.857142857142857,Promoter (8-10)
449,5,7,8,9,3,2,7,10,6.0,Promoter (8-10)
463,7,8,7,8,1,4,4,1,4.571428571428571,Detractor (1-4)
41,5,3,5,9,3,1,8,8,4.714285714285714,Promoter (8-10)
838,6,3,6,8,7,1,8,8,5.571428571428571,Promoter (8-10)
703,10,7,8,3,4,7,9,8,7.571428571428571,Promoter (8-10)
490,9,2,6,10,9,8,2,4,5.714285714285714,Detractor (1-4)
906,7,7,8,4,5,2,4,5,5.428571428571429,Passive (5-7)
174,7,3,6,7,10,10,2,3,5.857142857142857,Detractor (1-4)
4,5,8,5,7,10,7,3,1,5.571428571428571,Detractor (1-4)
161,6,7,8,3,5,10,6,4,6.571428571428571,Detractor (1-4)
31,5,4,5,9,9,2,4,1,4.285714285714286,Detractor (1-4)
623,6,4,6,6,10,10,3,9,6.857142857142857,Promoter (8-10)
818,10,5,4,9,2,6,2,6,5.0,Passive (5-7)
60,5,6,5,3,1,7,5,3,4.571428571428571,Detractor (1-4)
384,6,2,7,9,4,4,2,8,4.714285714285714,Promoter (8-10)
971,7,6,7,4,6,6,7,9,6.857142857142857,Promoter (8-10)
427,7,3,7,2,9,8,8,7,7.0,Passive (5-7)
431,10,9,4,3,3,9,4,1,5.714285714285714,Detractor (1-4)
408,6,5,4,7,1,8,6,7,5.285714285714286,Passive (5-7)
577,10,7,4,10,7,2,5,1,5.142857142857143,Detractor (1-4)
803,6,10,8,5,6,5,6,7,6.857142857142857,Passive (5-7)
273,9,3,7,1,5,3,8,4,5.571428571428571,Detractor (1-4)
371,6,3,4,9,4,10,4,10,5.857142857142857,Promoter (8-10)
999,6,7,8,8,9,9,9,5,7.571428571428571,Passive (5-7)
595,10,5,5,4,10,4,4,4,6.0,Detractor (1-4)
63,8,8,7,4,4,4,8,2,5.857142857142857,Detractor (1-4)
899,5,4,7,7,2,6,1,1,3.7142857142857144,Detractor (1-4)
0,7,4,8,2,1,4,8,3,5.0,Detractor (1-4)
796,7,9,6,2,7,7,6,8,7.142857142857143,Promoter (8-10)
181,10,10,4,2,1,5,3,1,4.857142857142857,Detractor (1-4)
290,6,7,6,4,2,8,9,7,6.428571428571429,Passive (5-7)
373,6,4,8,10,5,3,10,10,6.571428571428571,Promoter (8-10)
285,6,10,5,7,3,3,5,1,4.714285714285714,Detractor (1-4)
882,6,3,4,1,7,5,4,2,4.428571428571429,Detractor (1-4)
776,8,3,7,6,3,7,6,7,5.857142857142857,Passive (5-7)
935,10,9,7,2,8,2,1,2,5.571428571428571,Detractor (1-4)
679,10,6,4,5,10,9,6,7,7.428571428571429,Passive (5-7)
102,7,4,6,3,5,7,5,5,5.571428571428571,Passive (5-7)
618,5,8,6,9,3,8,7,9,6.571428571428571,Promoter (8-10)
607,8,4,4,10,10,8,3,7,6.285714285714286,Passive (5-7)
743,9,7,7,10,1,5,5,10,6.285714285714286,Promoter (8-10)
682,8,5,8,9,2,10,3,4,5.714285714285714,Detractor (1-4)
16,5,3,6,6,5,8,8,2,5.285714285714286,Detractor (1-4)
969,8,6,8,10,2,1,3,2,4.285714285714286,Detractor (1-4)
46,8,4,4,9,5,7,4,8,5.714285714285714,Promoter (8-10)
706,6,8,7,9,8,6,4,1,5.714285714285714,Detractor (1-4)
993,9,9,4,1,5,2,9,9,6.714285714285714,Promoter (8-10)
508,10,6,5,8,8,5,7,10,7.285714285714286,Promoter (8-10)
989,8,4,5,4,8,6,7,3,5.857142857142857,Detractor (1-4)
133,10,4,7,3,5,4,4,5,5.571428571428571,Passive (5-7)
15,8,9,8,3,6,10,2,3,6.571428571428571,Detractor (1-4)
78,10,9,6,8,10,7,7,8,8.142857142857142,Promoter (8-10)
433,6,6,8,4,8,9,4,1,6.0,Detractor (1-4)
784,7,7,4,3,7,8,6,10,7.0,Promoter (8-10)
983,5,2,4,1,9,4,3,2,4.142857142857143,Detractor (1-4)
197,9,3,5,9,8,2,4,10,5.857142857142857,Promoter (8-10)
483,8,2,6,2,10,2,2,5,5.0,Passive (5-7)
376,5,5,5,8,8,4,6,10,6.142857142857143,Promoter (8-10)
915,10,7,4,6,9,4,9,5,6.857142857142857,Passive (5-7)
210,6,5,7,9,5,1,2,4,4.285714285714286,Detractor (1-4)
20,8,4,5,1,10,10,7,5,7.0,Passive (5-7)
425,5,9,8,1,10,8,10,10,8.571428571428571,Promoter (8-10)
668,6,3,6,1,2,10,9,3,5.571428571428571,Detractor (1-4)
54,7,2,5,1,5,3,1,3,3.7142857142857144,Detractor (1-4)
950,7,2,7,10,5,3,4,7,5.0,Passive (5-7)
782,6,7,4,2,2,1,3,8,4.428571428571429,Promoter (8-10)
108,5,5,7,5,10,7,3,9,6.571428571428571,Promoter (8-10)
400,9,4,5,5,8,10,6,10,7.428571428571429,Promoter (8-10)
685,10,9,7,3,1,6,6,4,6.142857142857143,Detractor (1-4)
673,9,3,4,4,7,9,8,4,6.285714285714286,Detractor (1-4)
198,6,7,7,7,3,5,4,3,5.0,Detractor (1-4)
14,5,5,8,9,7,5,2,1,4.714285714285714,Detractor (1-4)
172,6,5,8,3,4,3,10,3,5.571428571428571,Detractor (1-4)
359,5,6,7,6,9,5,1,5,5.428571428571429,Passive (5-7)
714,10,5,5,5,7,5,7,9,6.857142857142857,Promoter (8-10)
785,7,6,7,1,7,5,5,9,6.571428571428571,Promoter (8-10)
865,8,4,6,2,7,5,2,7,5.571428571428571,Passive (5-7)
662,10,6,4,5,1,9,6,3,5.571428571428571,Detractor (1-4)
513,9,10,7,7,9,2,10,1,6.857142857142857,Detractor (1-4)
722,7,10,5,5,4,9,6,7,6.857142857142857,Passive (5-7)
8,6,7,6,10,6,9,9,10,7.571428571428571,Promoter (8-10)
873,10,10,4,5,9,10,2,5,7.142857142857143,Passive (5-7)
684,10,3,7,4,4,5,1,10,5.714285714285714,Promoter (8-10)
73,7,2,5,6,3,1,1,4,3.2857142857142856,Detractor (1-4)
900,9,8,5,8,4,6,9,7,6.857142857142857,Passive (5-7)
933,6,9,4,8,7,10,3,5,6.285714285714286,Passive (5-7)
634,6,7,6,6,1,6,3,8,5.285714285714286,Promoter (8-10)
835,8,2,7,8,3,4,3,4,4.428571428571429,Detractor (1-4)
422,9,8,4,4,8,3,4,10,6.571428571428571,Promoter (8-10)
235,6,2,8,8,6,3,3,1,4.142857142857143,Detractor (1-4)
286,10,3,7,10,8,8,4,9,7.0,Promoter (8-10)
129,7,3,4,9,1,4,4,9,4.571428571428571,Promoter (8-10)
443,7,9,8,2,4,5,1,5,5.571428571428571,Passive (5-7)
301,10,7,7,4,3,4,9,2,6.0,Detractor (1-4)
532,10,2,4,2,2,6,10,9,6.142857142857143,Promoter (8-10)
64,6,2,8,1,8,4,8,4,5.714285714285714,Detractor (1-4)
860,10,8,4,3,7,1,4,5,5.571428571428571,Passive (5-7)
559,8,4,4,6,5,5,1,7,4.857142857142857,Passive (5-7)
311,7,5,6,8,4,9,8,9,6.857142857142857,Promoter (8-10)
32,9,3,7,7,6,1,9,2,5.285714285714286,Detractor (1-4)
296,10,7,4,2,2,10,10,8,7.285714285714286,Promoter (8-10)
419,10,2,5,8,5,3,3,10,5.428571428571429,Promoter (8-10)
83,10,6,6,1,8,1,3,9,6.142857142857143,Promoter (8-10)
594,7,2,7,6,7,2,3,6,4.857142857142857,Passive (5-7)
501,5,2,8,4,7,6,10,4,6.0,Detractor (1-4)
411,8,4,4,4,8,4,3,1,4.571428571428571,Detractor (1-4)
824,10,7,7,9,4,9,9,8,7.714285714285714,Promoter (8-10)
585,7,6,8,2,4,7,10,9,7.285714285714286,Promoter (8-10)
848,9,9,6,1,9,2,8,6,7.0,Passive (5-7)
299,10,8,5,5,4,3,1,9,5.714285714285714,Promoter (8-10)
107,9,4,8,6,10,4,5,9,7.0,Promoter (8-10)
119,9,10,5,1,9,6,7,6,7.428571428571429,Passive (5-7)
335,5,3,4,2,8,4,7,6,5.285714285714286,Passive (5-7)
557,5,5,8,2,4,10,6,1,5.571428571428571,Detractor (1-4)
113,5,6,7,1,10,6,4,7,6.428571428571429,Passive (5-7)
281,5,6,6,3,4,1,1,1,3.4285714285714284,Detractor (1-4)
836,9,3,4,6,6,3,2,7,4.857142857142857,Passive (5-7)
426,9,8,7,8,10,6,9,8,8.142857142857142,Promoter (8-10)
42,8,2,4,6,6,7,3,1,4.428571428571429,Detractor (1-4)
567,9,3,8,1,4,9,10,9,7.428571428571429,Promoter (8-10)
589,5,8,7,5,6,7,8,9,7.142857142857143,Promoter (8-10)
187,5,5,6,2,6,1,8,5,5.142857142857143,Passive (5-7)
615,5,6,7,9,1,1,1,5,3.7142857142857144,Passive (5-7)
556,9,9,5,5,1,3,6,10,6.142857142857143,Promoter (8-10)
3,9,6,5,9,10,5,5,4,6.285714285714286,Detractor (1-4)
667,9,9,6,2,1,3,10,2,5.714285714285714,Detractor (1-4)
234,7,2,4,5,1,8,7,2,4.428571428571429,Detractor (1-4)
96,6,6,5,10,8,10,5,2,6.0,Detractor (1-4)
691,7,7,8,8,5,4,8,2,5.857142857142857,Detractor (1-4)
269,9,10,6,10,10,1,9,10,7.857142857142857,Promoter (8-10)
566,8,10,6,10,7,6,6,1,6.285714285714286,Detractor (1-4)
985,5,5,4,8,7,6,7,3,5.285714285714286,Detractor (1-4)
437,7,2,6,7,5,8,1,8,5.285714285714286,Promoter (8-10)
200,8,4,8,6,8,4,7,1,5.714285714285714,Detractor (1-4)
291,10,3,7,8,2,10,3,3,5.428571428571429,Detractor (1-4)
612,8,9,8,7,1,2,8,4,5.714285714285714,Detractor (1-4)
448,6,7,7,9,2,9,2,5,5.428571428571429,Passive (5-7)
439,6,8,7,7,7,4,5,4,5.857142857142857,Detractor (1-4)
573,5,5,5,8,8,9,8,2,6.0,Detractor (1-4)
7,5,8,5,6,2,10,4,8,6.0,Promoter (8-10)
725,5,10,8,4,3,5,1,6,5.428571428571429,Passive (5-7)
50,9,8,6,7,1,6,7,4,5.857142857142857,Detractor (1-4)
423,7,9,5,10,10,7,7,3,6.857142857142857,Detractor (1-4)
140,7,10,6,8,6,10,9,6,7.714285714285714,Passive (5-7)
135,8,9,7,3,6,10,2,9,7.285714285714286,Promoter (8-10)
786,5,4,7,5,5,6,7,1,5.0,Detractor (1-4)
601,8,9,4,5,4,3,1,10,5.571428571428571,Promoter (8-10)
493,9,4,4,9,4,3,6,7,5.285714285714286,Passive (5-7)
553,7,2,4,7,3,5,1,3,3.5714285714285716,Detractor (1-4)
27,7,3,5,5,5,1,8,6,5.0,Passive (5-7)
257,8,5,6,4,4,1,5,4,4.714285714285714,Detractor (1-4)
225,10,4,5,9,3,6,9,4,5.857142857142857,Detractor (1-4)
788,6,5,6,3,10,4,3,8,6.0,Promoter (8-10)
37,8,9,5,3,4,3,5,2,5.142857142857143,Detractor (1-4)
170,5,10,7,2,8,5,9,5,7.0,Passive (5-7)
528,9,2,5,2,6,5,1,6,4.857142857142857,Passive (5-7)
600,7,8,6,10,6,7,7,6,6.714285714285714,Passive (5-7)
655,7,8,5,4,1,6,6,8,5.857142857142857,Promoter (8-10)
74,8,8,6,1,2,5,2,6,5.285714285714286,Passive (5-7)
505,9,6,8,5,8,4,7,6,6.857142857142857,Passive (5-7)
377,5,5,7,3,9,6,1,4,5.285714285714286,Detractor (1-4)
808,8,6,4,5,1,8,8,3,5.428571428571429,Detractor (1-4)
366,9,9,8,2,1,10,5,2,6.285714285714286,Detractor (1-4)
238,8,7,5,10,10,9,7,10,8.0,Promoter (8-10)
255,9,10,7,10,3,2,7,8,6.571428571428571,Promoter (8-10)
123,10,2,4,5,9,8,3,5,5.857142857142857,Passive (5-7)
663,6,2,8,2,5,7,5,7,5.714285714285714,Passive (5-7)
876,6,7,4,4,9,2,5,9,6.0,Promoter (8-10)
690,5,10,8,4,2,7,9,6,6.714285714285714,Passive (5-7)
309,5,8,4,9,2,1,4,5,4.142857142857143,Passive (5-7)
693,7,9,8,1,5,10,3,7,7.0,Passive (5-7)
226,7,6,8,8,8,5,8,8,7.142857142857143,Promoter (8-10)
951,10,10,7,10,5,9,7,1,7.0,Detractor (1-4)
260,9,3,7,4,7,2,8,3,5.571428571428571,Detractor (1-4)
243,9,8,8,8,4,10,8,9,8.0,Promoter (8-10)
222,5,4,4,2,7,9,5,3,5.285714285714286,Detractor (1-4)
314,5,10,6,8,6,6,10,4,6.714285714285714,Detractor (1-4)
229,7,6,8,2,2,10,8,8,7.0,Promoter (8-10)
85,5,6,8,9,3,4,4,4,4.857142857142857,Detractor (1-4)
76,8,9,8,6,3,10,7,2,6.714285714285714,Detractor (1-4)
887,6,9,5,8,9,7,6,2,6.285714285714286,Detractor (1-4)
582,8,4,7,8,1,5,9,3,5.285714285714286,Detractor (1-4)
674,8,5,6,8,7,10,2,7,6.428571428571429,Passive (5-7)
986,7,2,6,2,4,7,10,7,6.142857142857143,Passive (5-7)
511,8,4,4,5,2,10,10,6,6.285714285714286,Passive (5-7)
879,6,10,5,10,9,5,5,4,6.285714285714286,Detractor (1-4)
401,8,10,7,2,8,10,8,9,8.571428571428571,Promoter (8-10)
514,6,6,7,10,7,7,6,3,6.0,Detractor (1-4)
750,10,3,8,1,5,1,3,5,5.0,Passive (5-7)
156,7,4,7,9,10,8,5,8,7.0,Promoter (8-10)
775,5,6,7,2,5,4,1,4,4.571428571428571,Detractor (1-4)
329,9,8,8,5,3,3,10,8,7.0,Promoter (8-10)
467,8,10,5,7,7,1,3,6,5.714285714285714,Passive (5-7)
178,7,7,4,7,1,2,1,2,3.4285714285714284,Detractor (1-4)
549,5,3,7,6,8,8,5,5,5.857142857142857,Passive (5-7)
453,8,4,4,4,2,8,1,4,4.428571428571429,Detractor (1-4)
307,6,9,5,1,6,5,3,5,5.571428571428571,Passive (5-7)
472,6,8,7,7,9,9,2,3,6.285714285714286,Detractor (1-4)
392,7,7,4,9,7,10,8,4,6.714285714285714,Detractor (1-4)
65,6,4,4,6,3,10,8,3,5.428571428571429,Detractor (1-4)
575,9,4,7,7,1,1,5,1,4.0,Detractor (1-4)
855,8,3,6,4,1,1,9,7,5.0,Passive (5-7)
791,5,9,4,4,1,4,10,9,6.0,Promoter (8-10)
391,5,3,7,6,7,6,9,4,5.857142857142857,Detractor (1-4)
973,6,3,4,6,4,6,6,9,5.428571428571429,Promoter (8-10)
828,8,3,5,2,9,5,6,3,5.571428571428571,Detractor (1-4)
247,6,9,6,5,2,2,3,7,5.0,Passive (5-7)
412,9,2,5,8,7,2,10,4,5.571428571428571,Detractor (1-4)
67,7,9,4,3,9,1,1,2,4.714285714285714,Detractor (1-4)
289,5,2,5,8,9,2,7,2,4.571428571428571,Detractor (1-4)
399,10,6,4,8,6,5,10,4,6.428571428571429,Detractor (1-4)
138,8,5,8,8,10,4,2,6,6.142857142857143,Passive (5-7)
537,10,6,4,9,9,5,7,5,6.571428571428571,Passive (5-7)
265,5,9,7,6,5,6,5,3,5.714285714285714,Detractor (1-4)
724,5,2,6,1,7,3,3,1,3.857142857142857,Detractor (1-4)
653,5,6,5,6,6,3,9,2,5.142857142857143,Detractor (1-4)
318,6,8,5,10,6,7,10,8,7.142857142857143,Promoter (8-10)
232,6,8,5,5,1,1,7,8,5.142857142857143,Promoter (8-10)
21,9,7,5,3,6,6,1,6,5.714285714285714,Passive (5-7)
998,9,7,5,1,2,2,1,10,5.142857142857143,Promoter (8-10)
694,9,8,8,10,7,7,7,2,6.857142857142857,Detractor (1-4)
927,6,2,6,2,10,3,6,4,5.285714285714286,Detractor (1-4)
348,7,9,5,6,5,5,8,6,6.428571428571429,Passive (5-7)
968,6,7,6,3,8,1,9,3,5.714285714285714,Detractor (1-4)
992,10,6,4,3,8,6,10,3,6.714285714285714,Detractor (1-4)
764,9,3,7,6,3,8,10,2,6.0,Detractor (1-4)
587,5,4,8,2,2,2,4,10,5.0,Promoter (8-10)
944,10,8,6,8,8,7,9,6,7.714285714285714,Passive (5-7)
239,5,10,4,3,2,7,4,4,5.142857142857143,Detractor (1-4)
886,7,7,5,5,10,1,9,9,6.857142857142857,Promoter (8-10)
23,9,7,4,2,1,2,9,3,5.0,Detractor (1-4)
458,6,2,4,6,6,10,4,1,4.714285714285714,Detractor (1-4)
822,6,2,7,1,5,4,1,10,5.0,Promoter (8-10)
413,7,10,4,2,3,1,10,1,5.142857142857143,Detractor (1-4)
563,7,4,8,8,7,3,3,10,6.0,Promoter (8-10)
331,8,8,7,5,10,4,7,5,7.0,Passive (5-7)
434,7,7,7,6,1,8,9,6,6.428571428571429,Passive (5-7)
456,10,4,8,6,5,1,10,1,5.571428571428571,Detractor (1-4)
430,9,6,4,9,8,6,4,3,5.714285714285714,Detractor (1-4)
896,6,8,7,5,4,4,5,5,5.571428571428571,Passive (5-7)
451,9,3,6,10,7,8,9,10,7.428571428571429,Promoter (8-10)
477,5,2,5,6,10,6,10,8,6.571428571428571,Promoter (8-10)
9,7,5,4,5,1,3,5,6,4.428571428571429,Passive (5-7)
325,7,5,7,6,1,5,8,6,5.571428571428571,Passive (5-7)
812,9,5,4,4,2,4,2,6,4.571428571428571,Passive (5-7)
727,7,2,6,4,2,10,9,5,5.857142857142857,Passive (5-7)
928,6,7,6,9,4,8,5,8,6.285714285714286,Promoter (8-10)
134,9,9,7,4,7,10,8,3,7.571428571428571,Detractor (1-4)
819,6,7,8,8,9,10,2,2,6.285714285714286,Detractor (1-4)
230,7,2,8,2,6,1,9,2,5.0,Detractor (1-4)
520,9,3,5,6,7,10,10,3,6.714285714285714,Detractor (1-4)
326,7,10,8,8,6,4,9,7,7.285714285714286,Passive (5-7)
142,6,8,4,10,8,5,8,6,6.428571428571429,Passive (5-7)
491,5,4,8,6,1,3,4,4,4.142857142857143,Detractor (1-4)
379,7,5,6,2,9,7,3,10,6.714285714285714,Promoter (8-10)
465,5,2,8,8,6,8,2,4,5.0,Detractor (1-4)
756,6,7,7,3,2,6,9,7,6.285714285714286,Passive (5-7)
347,6,8,7,3,5,1,2,8,5.285714285714286,Promoter (8-10)
237,10,4,5,8,7,8,2,8,6.285714285714286,Promoter (8-10)
642,5,7,6,8,9,6,6,7,6.571428571428571,Passive (5-7)
506,9,7,4,1,5,7,5,1,5.428571428571429,Detractor (1-4)
646,7,8,5,4,7,8,8,8,7.285714285714286,Promoter (8-10)
382,10,10,7,5,2,3,6,3,5.857142857142857,Detractor (1-4)
256,6,7,4,5,9,8,6,5,6.428571428571429,Passive (5-7)
327,8,8,5,10,2,1,10,5,5.571428571428571,Passive (5-7)
624,7,3,7,10,2,1,8,8,5.142857142857143,Promoter (8-10)
155,8,8,8,10,3,9,7,3,6.571428571428571,Detractor (1-4)
578,8,10,7,4,5,8,7,6,7.285714285714286,Passive (5-7)
640,10,9,4,10,2,4,3,1,4.714285714285714,Detractor (1-4)
997,9,8,8,6,8,3,3,10,7.0,Promoter (8-10)
242,7,9,5,4,5,9,1,4,5.714285714285714,Detractor (1-4)
344,7,6,8,9,8,3,8,5,6.428571428571429,Passive (5-7)
699,9,5,4,8,4,2,2,8,4.857142857142857,Promoter (8-10)
77,9,4,5,9,2,1,5,10,5.142857142857143,Promoter (8-10)
821,8,9,5,5,8,9,4,9,7.428571428571429,Promoter (8-10)
903,9,8,8,8,4,8,4,1,6.0,Detractor (1-4)
540,9,10,7,3,2,4,4,5,5.857142857142857,Passive (5-7)
596,5,8,7,7,1,2,10,3,5.142857142857143,Detractor (1-4)
169,8,2,6,3,3,6,9,3,5.285714285714286,Detractor (1-4)
526,9,5,5,5,2,6,4,9,5.714285714285714,Promoter (8-10)
361,7,2,6,4,5,7,8,3,5.428571428571429,Detractor (1-4)
917,8,6,5,3,7,5,4,8,6.142857142857143,Promoter (8-10)
342,5,9,8,1,9,8,7,10,8.0,Promoter (8-10)
599,5,2,4,8,4,8,9,5,5.285714285714286,Passive (5-7)
875,5,4,7,3,5,6,4,5,5.142857142857143,Passive (5-7)
745,5,9,5,10,8,2,9,1,5.571428571428571,Detractor (1-4)
131,9,4,8,2,7,5,2,10,6.428571428571429,Promoter (8-10)
143,6,6,7,8,10,3,3,9,6.285714285714286,Promoter (8-10)
666,10,5,6,8,1,2,7,7,5.428571428571429,Passive (5-7)
104,8,5,4,2,7,9,4,4,5.857142857142857,Detractor (1-4)
964,8,5,5,3,10,5,5,3,5.857142857142857,Detractor (1-4)
208,8,7,5,7,2,3,2,8,5.0,Promoter (8-10)
774,7,10,5,4,6,10,9,6,7.571428571428571,Passive (5-7)
346,10,7,4,9,3,2,10,8,6.285714285714286,Promoter (8-10)
97,7,8,7,9,6,3,10,7,6.857142857142857,Passive (5-7)
306,9,10,4,1,3,3,2,5,5.142857142857143,Passive (5-7)
18,9,6,6,1,5,8,4,10,6.857142857142857,Promoter (8-10)
284,5,7,6,3,10,3,8,6,6.428571428571429,Passive (5-7)
173,5,7,5,10,10,10,3,10,7.142857142857143,Promoter (8-10)
558,7,9,5,5,9,7,3,5,6.428571428571429,Passive (5-7)
51,7,2,6,2,8,2,10,2,5.285714285714286,Detractor (1-4)
357,5,8,7,5,4,1,8,8,5.857142857142857,Promoter (8-10)
692,8,8,6,9,5,8,7,10,7.428571428571429,Promoter (8-10)
26,8,2,6,10,9,9,4,5,6.142857142857143,Passive (5-7)
386,9,5,5,4,6,5,7,7,6.285714285714286,Passive (5-7)
287,5,9,5,5,10,8,4,10,7.285714285714286,Promoter (8-10)
974,8,10,4,2,4,9,8,7,7.142857142857143,Passive (5-7)
683,6,9,4,8,5,5,1,10,5.714285714285714,Promoter (8-10)
374,6,9,4,6,2,6,7,8,6.0,Promoter (8-10)
278,10,8,7,8,6,7,8,1,6.714285714285714,Detractor (1-4)
367,10,4,8,3,3,9,5,7,6.571428571428571,Passive (5-7)
800,7,4,5,2,1,6,3,9,5.0,Promoter (8-10)
11,9,5,6,8,5,6,7,7,6.428571428571429,Passive (5-7)
310,5,8,5,9,4,4,9,10,6.428571428571429,Promoter (8-10)
910,5,8,7,10,8,2,4,8,6.0,Promoter (8-10)
440,5,7,8,9,7,1,8,10,6.571428571428571,Promoter (8-10)
441,7,8,5,3,1,8,6,8,6.142857142857143,Promoter (8-10)
146,8,7,5,6,9,2,9,10,7.142857142857143,Promoter (8-10)
614,8,2,6,7,8,6,6,5,5.857142857142857,Passive (5-7)
262,10,5,4,9,6,9,9,3,6.571428571428571,Detractor (1-4)
34,9,7,8,9,8,2,8,9,7.285714285714286,Promoter (8-10)
407,9,8,8,6,2,9,6,4,6.571428571428571,Detractor (1-4)
564,5,10,5,6,8,5,3,1,5.285714285714286,Detractor (1-4)
538,8,7,4,6,10,5,2,9,6.428571428571429,Promoter (8-10)
748,5,8,6,1,10,2,4,9,6.285714285714286,Promoter (8-10)
675,8,7,8,9,8,6,2,8,6.714285714285714,Promoter (8-10)
224,10,7,7,6,2,1,7,9,6.142857142857143,Promoter (8-10)
10,8,3,7,4,3,6,4,1,4.571428571428571,Detractor (1-4)
708,5,3,5,4,5,9,6,4,5.285714285714286,Detractor (1-4)
636,7,3,6,9,5,4,6,3,4.857142857142857,Detractor (1-4)
218,7,8,4,4,1,4,6,4,4.857142857142857,Detractor (1-4)
193,5,9,4,6,5,7,1,9,5.714285714285714,Promoter (8-10)
106,6,6,5,8,3,1,9,7,5.285714285714286,Passive (5-7)
834,8,2,7,4,1,8,9,2,5.285714285714286,Detractor (1-4)
597,5,4,8,4,8,7,3,4,5.571428571428571,Detractor (1-4)
45,8,5,6,1,5,9,2,9,6.285714285714286,Promoter (8-10)
264,5,2,4,4,7,6,4,1,4.142857142857143,Detractor (1-4)
219,10,4,5,7,9,10,8,3,7.0,Detractor (1-4)
249,10,2,5,6,8,1,8,9,6.142857142857143,Promoter (8-10)
507,9,2,6,2,7,9,7,9,7.0,Promoter (8-10)
383,10,10,8,10,4,9,3,10,7.714285714285714,Promoter (8-10)
631,10,8,5,3,9,9,8,3,7.428571428571429,Detractor (1-4)
502,6,3,5,1,8,4,7,8,5.857142857142857,Promoter (8-10)
792,10,2,6,7,7,5,6,9,6.428571428571429,Promoter (8-10)
271,8,10,6,5,7,10,10,2,7.571428571428571,Detractor (1-4)
194,6,3,5,4,1,10,8,3,5.142857142857143,Detractor (1-4)
937,8,8,4,10,1,5,9,3,5.428571428571429,Detractor (1-4)
726,6,4,4,7,7,3,6,4,4.857142857142857,Detractor (1-4)
339,6,10,5,9,4,3,6,5,5.571428571428571,Passive (5-7)
841,8,9,8,3,4,4,7,1,5.857142857142857,Detractor (1-4)
874,9,7,6,9,6,1,6,3,5.428571428571429,Detractor (1-4)
214,6,6,4,3,1,3,4,6,4.285714285714286,Passive (5-7)
924,9,10,5,5,6,4,1,8,6.142857142857143,Promoter (8-10)
203,8,7,8,9,4,10,8,10,7.857142857142857,Promoter (8-10)
629,8,3,7,4,4,8,1,10,5.857142857142857,Promoter (8-10)
354,6,3,7,10,1,1,10,6,4.857142857142857,Passive (5-7)
857,9,8,6,5,7,8,1,9,6.857142857142857,Promoter (8-10)
424,5,3,7,3,8,6,5,7,5.857142857142857,Passive (5-7)
872,6,10,8,8,2,2,1,4,4.714285714285714,Detractor (1-4)
116,8,5,6,3,5,3,1,9,5.285714285714286,Promoter (8-10)
308,9,10,7,10,3,2,10,9,7.142857142857143,Promoter (8-10)
698,5,9,6,3,6,9,9,9,7.571428571428571,Promoter (8-10)
622,9,10,7,7,6,2,8,4,6.571428571428571,Detractor (1-4)
103,9,6,4,6,1,3,10,6,5.571428571428571,Passive (5-7)
464,5,4,8,6,4,10,1,6,5.428571428571429,Passive (5-7)
870,10,4,6,3,8,2,3,7,5.714285714285714,Passive (5-7)
351,8,5,8,10,1,9,7,7,6.428571428571429,Passive (5-7)
628,10,10,4,7,1,7,3,9,6.285714285714286,Promoter (8-10)
33,8,5,6,1,8,7,7,2,6.142857142857143,Detractor (1-4)
972,7,9,4,1,1,2,1,10,4.857142857142857,Promoter (8-10)
535,5,10,5,9,9,8,1,9,6.714285714285714,Promoter (8-10)
959,8,4,5,5,10,7,3,2,5.571428571428571,Detractor (1-4)
794,10,4,4,8,6,8,6,9,6.714285714285714,Promoter (8-10)
313,5,7,7,3,7,10,1,1,5.428571428571429,Detractor (1-4)
127,5,8,4,9,7,7,7,6,6.285714285714286,Passive (5-7)
245,10,6,4,9,9,2,7,7,6.428571428571429,Passive (5-7)
773,9,5,8,9,1,10,4,8,6.428571428571429,Promoter (8-10)
69,8,6,6,1,9,1,9,7,6.571428571428571,Passive (5-7)
141,8,6,6,5,4,9,5,2,5.714285714285714,Detractor (1-4)
139,8,3,4,10,6,1,1,5,4.0,Passive (5-7)
398,6,9,6,10,7,4,5,9,6.571428571428571,Promoter (8-10)
889,7,6,8,6,6,6,7,10,7.142857142857143,Promoter (8-10)
995,6,7,8,3,7,7,8,7,7.142857142857143,Passive (5-7)
757,9,5,7,9,7,8,9,1,6.571428571428571,Detractor (1-4)
783,5,2,8,2,8,5,7,3,5.428571428571429,Detractor (1-4)
420,5,8,8,6,2,4,10,3,5.714285714285714,Detractor (1-4)
790,7,5,6,2,3,1,6,6,4.857142857142857,Passive (5-7)
592,7,2,7,10,8,9,5,1,5.571428571428571,Detractor (1-4)
978,6,5,8,9,6,6,2,9,6.0,Promoter (8-10)
735,6,4,6,1,7,6,1,5,5.0,Passive (5-7)
731,5,10,6,9,5,10,5,2,6.142857142857143,Detractor (1-4)
932,6,6,4,5,5,3,6,1,4.428571428571429,Detractor (1-4)
497,6,4,8,4,6,10,1,6,5.857142857142857,Passive (5-7)
813,8,10,5,8,4,7,5,2,5.857142857142857,Detractor (1-4)
2,10,2,7,3,10,4,4,7,6.285714285714286,Passive (5-7)
649,9,2,6,10,4,9,4,2,5.142857142857143,Detractor (1-4)
455,8,5,4,2,7,4,1,2,4.428571428571429,Detractor (1-4)
593,5,3,5,3,9,10,9,9,7.142857142857143,Promoter (8-10)
206,10,8,5,4,8,9,10,6,8.0,Passive (5-7)
847,7,10,5,7,1,9,10,4,6.571428571428571,Detractor (1-4)
233,8,7,7,7,9,2,8,2,6.142857142857143,Detractor (1-4)
87,5,10,8,4,8,10,1,9,7.285714285714286,Promoter (8-10)
333,6,3,7,6,9,9,9,1,6.285714285714286,Detractor (1-4)
738,8,2,5,7,2,7,6,5,5.0,Passive (5-7)
350,5,6,6,1,8,7,10,10,7.428571428571429,Promoter (8-10)
805,8,8,7,10,6,2,2,6,5.571428571428571,Passive (5-7)
700,9,8,6,1,9,6,9,1,6.857142857142857,Detractor (1-4)
92,7,6,7,3,2,1,7,6,5.142857142857143,Passive (5-7)
68,5,5,8,8,7,6,10,4,6.428571428571429,Detractor (1-4)
746,10,5,6,7,1,1,6,1,4.285714285714286,Detractor (1-4)
741,7,9,7,3,10,8,10,5,8.0,Passive (5-7)
581,9,10,8,2,5,6,7,10,7.857142857142857,Promoter (8-10)
677,9,6,6,9,1,10,7,1,5.714285714285714,Detractor (1-4)
442,7,8,5,10,8,3,6,4,5.857142857142857,Detractor (1-4)
749,9,9,5,2,9,1,10,1,6.285714285714286,Detractor (1-4)
25,5,6,4,10,4,1,8,3,4.428571428571429,Detractor (1-4)
936,6,7,6,4,1,8,4,10,6.0,Promoter (8-10)
90,9,10,6,7,8,1,2,7,6.142857142857143,Passive (5-7)
715,6,9,6,5,9,1,6,6,6.142857142857143,Passive (5-7)
240,9,9,7,10,5,7,1,6,6.285714285714286,Passive (5-7)
13,6,6,6,3,10,7,2,1,5.428571428571429,Detractor (1-4)
126,7,4,6,4,1,5,2,1,3.7142857142857144,Detractor (1-4)
761,5,9,6,10,10,1,10,6,6.714285714285714,Passive (5-7)
302,8,4,6,7,1,4,1,8,4.571428571428571,Promoter (8-10)
650,8,4,7,9,10,2,8,3,6.0,Detractor (1-4)
365,10,5,5,3,5,2,3,5,5.0,Passive (5-7)
905,5,9,6,8,10,2,1,1,4.857142857142857,Detractor (1-4)
415,9,3,5,1,8,9,9,2,6.428571428571429,Detractor (1-4)
397,10,7,8,6,6,6,2,6,6.428571428571429,Passive (5-7)
435,9,9,7,4,1,1,7,5,5.571428571428571,Passive (5-7)
945,9,3,8,2,4,9,1,1,5.0,Detractor (1-4)
930,8,7,5,1,3,7,2,1,4.714285714285714,Detractor (1-4)
687,5,9,7,9,3,1,9,5,5.571428571428571,Passive (5-7)
852,5,10,5,4,3,10,8,6,6.714285714285714,Passive (5-7)
712,6,5,5,7,8,2,9,7,6.0,Passive (5-7)
470,6,10,6,6,7,1,1,2,4.714285714285714,Detractor (1-4)
43,6,5,4,1,10,7,4,1,5.285714285714286,Detractor (1-4)
550,5,3,7,8,2,7,7,8,5.571428571428571,Promoter (8-10)
844,8,6,4,1,1,8,10,9,6.571428571428571,Promoter (8-10)
150,6,5,8,5,2,10,1,6,5.428571428571429,Passive (5-7)
168,6,3,8,2,8,10,7,3,6.428571428571429,Detractor (1-4)
519,8,7,7,6,10,10,4,3,7.0,Detractor (1-4)
531,9,8,7,6,3,8,3,7,6.428571428571429,Passive (5-7)
643,9,7,7,7,2,4,3,7,5.571428571428571,Passive (5-7)
428,6,9,4,4,8,6,2,5,5.714285714285714,Passive (5-7)
659,9,4,8,10,6,6,3,8,6.285714285714286,Promoter (8-10)
766,10,2,4,3,4,6,9,4,5.571428571428571,Detractor (1-4)
732,9,2,6,9,4,2,10,10,6.142857142857143,Promoter (8-10)
916,10,4,7,3,10,10,7,8,8.0,Promoter (8-10)
979,9,4,7,10,5,2,4,2,4.714285714285714,Detractor (1-4)
372,5,7,7,9,3,5,10,4,5.857142857142857,Detractor (1-4)
778,9,4,8,9,8,5,7,4,6.428571428571429,Detractor (1-4)
579,10,3,7,8,9,1,8,8,6.571428571428571,Promoter (8-10)
320,9,6,7,4,3,9,10,2,6.571428571428571,Detractor (1-4)
645,5,9,6,6,8,5,10,8,7.285714285714286,Promoter (8-10)
5,6,7,4,2,3,8,10,7,6.428571428571429,Passive (5-7)
294,7,5,4,1,6,2,9,6,5.571428571428571,Passive (5-7)
117,8,2,5,10,5,4,3,2,4.142857142857143,Detractor (1-4)
555,9,2,8,7,2,1,3,10,5.0,Promoter (8-10)
29,6,9,5,1,6,10,4,5,6.428571428571429,Passive (5-7)
259,8,3,8,9,7,4,10,7,6.714285714285714,Passive (5-7)
47,8,4,4,9,10,10,2,6,6.285714285714286,Passive (5-7)
678,8,10,5,2,7,4,1,7,6.0,Passive (5-7)
543,8,2,4,9,3,3,3,4,3.857142857142857,Detractor (1-4)
908,5,2,5,3,2,10,4,8,5.142857142857143,Promoter (8-10)
586,8,2,4,9,8,8,7,7,6.285714285714286,Passive (5-7)
98,9,9,7,2,3,3,8,4,6.142857142857143,Detractor (1-4)
55,8,7,6,2,5,7,7,9,7.0,Promoter (8-10)
913,5,5,6,5,6,7,6,1,5.142857142857143,Detractor (1-4)
199,9,5,8,3,8,1,1,2,4.857142857142857,Detractor (1-4)
539,10,2,7,4,3,4,10,1,5.285714285714286,Detractor (1-4)
759,7,2,4,2,1,5,9,9,5.285714285714286,Promoter (8-10)
